Category: All categories

Country,learn coding: (8/3/17 - 8/3/18),free online coding: (8/3/17 - 8/3/18),learn to code: (8/3/17 - 8/3/18),online coding course: (8/3/17 - 8/3/18),free online coding courses: (8/3/17 - 8/3/18)
Singapore,52%,,48%,,
New Zealand,41%,,59%,,
United States,33%,9%,54%,3%,1%
Canada,35%,6%,59%,,
South Africa,37%,,63%,,
Australia,36%,6%,58%,,
Nigeria,47%,,53%,,
United Kingdom,32%,5%,59%,2%,2%
Ireland,40%,,60%,,
India,49%,8%,39%,3%,1%
St. Helena,,,100%,,
Bangladesh,66%,,34%,,
United Arab Emirates,50%,,50%,,
Denmark,,,100%,,
Pakistan,41%,,59%,,
Philippines,28%,,72%,,
Norway,47%,,53%,,
Sweden,,,100%,,
Malaysia,49%,,51%,,
Slovakia,,,100%,,
Finland,,,100%,,
Romania,,,100%,,
Switzerland,30%,,70%,,
Netherlands,33%,,67%,,
Portugal,,,100%,,
Israel,,,100%,,
Egypt,,,100%,,
Greece,,,100%,,
Belgium,,,100%,,
Vietnam,,,100%,,
Germany,46%,,54%,,
Spain,,,100%,,
Mexico,,,100%,,
France,24%,,76%,,
Peru,,,100%,,
Indonesia,53%,,47%,,
Poland,,,100%,,
Turkey,44%,,56%,,
Italy,,,100%,,
Brazil,,,100%,,
Ukraine,,,100%,,
Russia,,,100%,,
Japan,,,100%,,
Solomon Islands,,,,,
Greenland,,,,,
Bermuda,,,,,
Gibraltar,,,,,
Djibouti,,,,,
Jersey,,,,,
Gambia,,,,,
Swaziland,,,,,
Guernsey,,,,,
Nepal,,,,,
Fiji,,,,,
Lesotho,,,,,
Suriname,,,,,
Congo - Brazzaville,,,,,
Curaçao,,,,,
Rwanda,,,,,
Papua New Guinea,,,,,
Haiti,,,,,
Ethiopia,,,,,
Botswana,,,,,
Guam,,,,,
Gabon,,,,,
Barbados,,,,,
Kenya,,,,,
Ghana,,,,,
Benin,,,,,
Maldives,,,,,
Kosovo,,,,,
Zimbabwe,,,,,
Somalia,,,,,
Cameroon,,,,,
Lebanon,,,,,
Afghanistan,,,,,
Myanmar (Burma),,,,,
Macedonia (FYROM),,,,,
Bahrain,,,,,
Namibia,,,,,
Turkmenistan,,,,,
Luxembourg,,,,,
China,,,,,
Trinidad & Tobago,,,,,
Uganda,,,,,
Oman,,,,,
Madagascar,,,,,
Jamaica,,,,,
Macau,,,,,
Sri Lanka,,,,,
Estonia,,,,,
Brunei,,,,,
Zambia,,,,,
Albania,,,,,
Puerto Rico,,,,,
Armenia,,,,,
Qatar,,,,,
Mauritius,,,,,
Hong Kong,,,,,
Cambodia,,,,,
Slovenia,,,,,
Tunisia,,,,,
Angola,,,,,
Iceland,,,,,
Mongolia,,,,,
Malta,,,,,
Tanzania,,,,,
Senegal,,,,,
Congo - Kinshasa,,,,,
Cyprus,,,,,
Palestine,,,,,
Moldova,,,,,
Kuwait,,,,,
Libya,,,,,
Syria,,,,,
Lithuania,,,,,
Latvia,,,,,
Côte d’Ivoire,,,,,
Saudi Arabia,,,,,
Yemen,,,,,
Serbia,,,,,
Jordan,,,,,
Azerbaijan,,,,,
Morocco,,,,,
Sudan,,,,,
Uzbekistan,,,,,
Bosnia & Herzegovina,,,,,
Costa Rica,,,,,
South Korea,,,,,
Iraq,,,,,
Bulgaria,,,,,
El Salvador,,,,,
Thailand,,,,,
Panama,,,,,
Georgia,,,,,
Austria,,,,,
Guatemala,,,,,
Czechia,,,,,
Taiwan,,,,,
Algeria,,,,,
Hungary,,,,,
Croatia,,,,,
Iran,,,,,
Bolivia,,,,,
Uruguay,,,,,
Kazakhstan,,,,,
Dominican Republic,,,,,
Colombia,,,,,
Chile,,,,,
Ecuador,,,,,
Belarus,,,,,
Argentina,,,,,
Venezuela,,,,,
Aruba,,,,,
Anguilla,,,,,
Åland Islands,,,,,
Andorra,,,,,
American Samoa,,,,,
Antarctica,,,,,
French Southern Territories,,,,,
Antigua & Barbuda,,,,,
Burundi,,,,,
Caribbean Netherlands,,,,,
Burkina Faso,,,,,
Bahamas,,,,,
St. Barthélemy,,,,,
Belize,,,,,
Bhutan,,,,,
Bouvet Island,,,,,
Central African Republic,,,,,
Cocos (Keeling) Islands,,,,,
Cook Islands,,,,,
Comoros,,,,,
Cape Verde,,,,,
Cuba,,,,,
Christmas Island,,,,,
Cayman Islands,,,,,
Dominica,,,,,
Eritrea,,,,,
Western Sahara,,,,,
Falkland Islands (Islas Malvinas),,,,,
Faroe Islands,,,,,
Micronesia,,,,,
Guinea,,,,,
Guadeloupe,,,,,
Guinea-Bissau,,,,,
Equatorial Guinea,,,,,
Grenada,,,,,
French Guiana,,,,,
Guyana,,,,,
Heard & McDonald Islands,,,,,
Honduras,,,,,
Isle of Man,,,,,
British Indian Ocean Territory,,,,,
Kyrgyzstan,,,,,
Kiribati,,,,,
St. Kitts & Nevis,,,,,
Laos,,,,,
Liberia,,,,,
St. Lucia,,,,,
Liechtenstein,,,,,
St. Martin,,,,,
Monaco,,,,,
Marshall Islands,,,,,
Mali,,,,,
Montenegro,,,,,
Northern Mariana Islands,,,,,
Mozambique,,,,,
Mauritania,,,,,
Montserrat,,,,,
Martinique,,,,,
Malawi,,,,,
Mayotte,,,,,
New Caledonia,,,,,
Niger,,,,,
Norfolk Island,,,,,
Nicaragua,,,,,
Niue,,,,,
Nauru,,,,,
Pitcairn Islands,,,,,
Palau,,,,,
North Korea,,,,,
Paraguay,,,,,
French Polynesia,,,,,
Réunion,,,,,
South Georgia & South Sandwich Islands,,,,,
Svalbard & Jan Mayen,,,,,
Sierra Leone,,,,,
San Marino,,,,,
St. Pierre & Miquelon,,,,,
South Sudan,,,,,
São Tomé & Príncipe,,,,,
Sint Maarten,,,,,
Seychelles,,,,,
Turks & Caicos Islands,,,,,
Chad,,,,,
Togo,,,,,
Tajikistan,,,,,
Tokelau,,,,,
Timor-Leste,,,,,
Tonga,,,,,
Tuvalu,,,,,
U.S. Outlying Islands,,,,,
Vatican City,,,,,
St. Vincent & Grenadines,,,,,
British Virgin Islands,,,,,
U.S. Virgin Islands,,,,,
Vanuatu,,,,,
Wallis & Futuna,,,,,
Samoa,,,,,
